序号,名称,B站动漫社UID,B站相应账号名称,是否有术力口社团,B站术力口社团UID,名称
1,中国人民大学,148774,界娘love临界动漫协会,否,,
2,东北大学,178030,幻幻の幻酱,否,,
3,广东轻工职业技术大学,218836,自由天空动漫协会,否,,
4,西安交通大学,220317,史妍小九_official,否,,
5,浙江大学,468981,FANTASY动漫社,否,,
6,江南大学,562049,MIRROR镜像COS社,否,,
7,广西大学,703592,西西漫画研究社,否,,
8,河北医科大学,768962,四叶草动漫社,否,,
9,北京理工大学,1402501,黑白漫画社,否,,
10,太原工业学院,1425950,镜界动漫社,否,,
11,浙江工商大学,1625797,顶点动漫社,否,,
12,河北工程大学,1904727,幻想乡の动漫社,否,,
13,无锡太湖学院,2257142,绯殇琉璃动漫社,否,,
14,南京传媒学院,2692103,十三月公馆,否,,
15,华东师范大学,2768669,华东师大音乐协会,否,,
16,南京邮电大学,4220962,南邮柒世纪动漫社,否,,
17,中山大学,4267184,青椒子--,是,3546835322931330,中术大学
18,大连海事大学,4453022,深蓝动漫社,否,,
19,中国科学技术大学,4517387,饭团动漫社,否,,
20,广州新华学院,4559265,广州新华现视研,否,,
21,清华大学,6553194,清华学生次世代动漫社,否,,
22,山东农业大学,6686942,山农大漫之翼动漫社,否,,
23,南京工程学院,6932519,积木之森动漫社,否,,
24,海南师范大学,6995180,空白konber,否,,
25,中国科学技术大学,7021308,中科大LEO动漫协会,是,381317768,USTC歌声合成技术协会
26,天津滨海职业学院,7071961,龙猫动漫社,否,,
27,湖北中医药大学,7231166,SEED动漫社,否,,
28,广东环境保护工程职业学院,7320418,羽汐动漫社,否,,
29,西南交通大学,7789529,MARACLE动漫社,否,,
30,苏州大学,8272387,苏州大学OUR动漫事务所,否,,
31,广州华南商贸职业学院,8315284,广华商友间动漫社,否,,
32,广东文艺职业学院,9080506,七式动漫社,否,,
33,郑州大学,9500353,FLY动漫社-,否,,
34,湖北工业大学,10025730,Ariel动漫社,否,,
35,中南财经政法大学,10284760,中南大东西动漫社,否,,
36,西南财经大学,10358055,与田动漫社,否,,
37,华中农业大学,10617912,FOM动漫协会,否,,
38,广东外语外贸大学南国商学院,10683286,广外南国Buka漫协,否,,
39,北京交通大学,10778739,佐佑动漫社,否,,
40,泉州师范学院,11321310,泉师i尚动漫社,否,,
41,上海建桥学院,11407711,云之彼端动漫社官方,否,,
42,宜宾学院,11850309,布拉斯托邦动漫社,否,,
43,江苏海事学院,11923808,江苏海事STAND动漫社,否,,
44,南京航空航天大学金城学院,12013502,原_漫嘉动漫游社,否,,
45,四川美术学院,12502043,重庆制造动漫社团,否,,
46,湖北大学,12591903,湖北大学FD动漫社,否,,
47,湖南女子学院,12694157,EMC39动漫社-已停更,否,,
48,北京林业大学,14747157,北林Wander动漫社,否,,
49,西安外国语大学,14761893,风之饷动漫社,否,,
50,长沙理工大学,15659088,和谐の贰点伍动漫社,否,,
51,安庆师范大学,15785055,漫无限动漫社,否,,
52,广州航海学院,16145201,玄冰动漫社,否,,
53,黄河交通学院,17212801,黄河交通学院Max动漫社,否,,
54,广东药科大学,17314878,Fever开火动漫社,否,,
55,吉林大学,17524892,吉大动漫社,否,,
56,安徽工业大学,17676285,安徽工业大学动漫社,否,,
57,宁波理工大学,17806332,千暮动漫社,否,,
58,武汉工程大学,17862177,ET动漫社-ET娘小E,否,,
59,山东政法学院,17868309,八一二动漫社,否,,
60,广东食品药品职业学院,17869505,广食药KHK动漫联萌,否,,
61,青岛科技大学,17869692,沸蓝动漫社,否,,
62,石家庄铁道大学,17869971,云翼居Cosplay动漫社,否,,
63,河南牧业经济学院,17871278,ACE动漫协会,否,,
64,湖南信息学院,17871375,原点动漫协会,否,,
65,南京林业大学,17871797,未完成动漫社,否,,
66,沈阳工业大学,17874971,沈工大雷翼动漫社,否,,
67,青岛农业大学,17882724,森夏动漫社,否,,
68,南京财经大学,17896679,南财神寂动漫社,否,,
69,西安石油大学,17908584,祈煜动漫社,否,,
70,广东石油化工学院,17910847,光与影动漫社,否,,
71,南京师范大学中北学院,17911396,FancyBox动漫社,否,,
72,南京信息职业技术学院,17912651,寒鸦动漫社,否,,
73,中国地质大学（北京）,17913136,边玩动漫社,否,,
74,中国农业大学,17919131,中国农业大学sky动漫社,否,,
75,青岛科技大学,17919342,DoMoFamily,否,,
76,青岛理工大学,17923533,EF动漫社,否,,
77,哈尔滨工程大学,18184112,哈工程漫沙动漫社,否,,
78,南京医科大学,18281487,南京医科大学CBS动漫社,否,,
79,中国药科大学,18340292,朔夜动漫社,否,,
80,苏州职业技术大学,18488019,风凪动漫社,否,,
81,徐州工程学院,18492253,琉云CLOUD动漫社,否,,
82,广东农工商职业技术学院,18763495,zero动漫社,否,,
83,绍兴文理学院元培学院,18910486,MO动漫社,否,,
84,南开大学,19224783,南风动漫社,否,,
85,海南热带海洋学院,19600924,傲翼动漫,否,,
86,浙江工业大学,20117263,AT动漫社,否,,
87,中国石油大学（北京）,20254715,中石大suki动漫社,否,,
88,南京大学,20272996,南京大学CAC动漫社,否,,
89,南京中医药大学,20360867,南中医狼裔动漫社,否,,
90,中国传媒大学,20381499,中传TRY动漫社,否,,
91,沈阳化工大学,20390464,漫节奏动漫社,否,,
92,西北农林科技大学,20413390,西农YUI动漫社,否,,
93,湖南农业大学,20585722,comic动漫协会,否,,
94,杭州电子科技大学,20861116,STARS漫研社,否,,
95,大连大学,20862338,进化动漫社,否,,
96,湖北经济学院,20863480,MoFun动漫社,否,,
97,青海大学,20864199,青大漫研社,否,,
98,南通大学,20872799,ACG研究会,否,,
99,东北电力大学,20882700,樱翎动漫社,否,,
100,曲阜师范大学,20883891,NA动漫社,否,,
101,江西理工大学,20883997,蘑菇公会动漫社,否,,
102,安徽大学,20885941,红月动漫社,否,,
103,大连理工大学,20889291,七域动漫协会,否,,
104,中国矿业大学银川学院,20889842,绮梦ACG,否,,
105,中央财经大学,20891911,中财光影动漫社,否,,
106,河北美术学院,20909816,河美百鬼夜行动漫社,否,,
107,广州南方学院,20912209,一人一动漫协会,否,,
108,成都信息工程大学,20915788,零之动漫社,否,,
109,上海大学,20918774,上海大学3C动漫社,否,,
110,安徽水利水电职业技术学院,20920142,安水院龙马动漫社,否,,
111,甘肃政法大学,20932125,UkiYoeAnima,否,,
112,郑州大学,20933328,FLY动漫社,否,,
113,华南理工大学广州学院,20933776,DPCCA梦想天堂动漫协会,否,,
114,鲁东大学,20933996,鲁东澪幻空间动漫社,否,,
115,广东岭南职业技术学院,20937804,清远岭南夜樱漫社,否,,
116,广东科学技术职业学院,20938998,广科彩翼动漫协会,否,,
117,青岛滨海学院,20940455,青岛D动漫,否,,
118,武汉大学,20942465,武汉大学动漫协会,否,,
119,哈尔滨商业大学,20945905,哈商大漫影部落,否,,
120,芜湖职业技术学院,20959391,倾城动漫社,否,,
121,太原理工大学,20959748,水月动漫协会,否,,
122,烟台科技学院,20960073,百夜动漫,否,,
123,广州大学,20961537,原色映像动漫协会,否,,
124,浙江理工大学,20963281,99度动漫社,否,,
125,成都理工大学,20966774,CG动漫协会,否,,
126,绍兴文理学院,20969542,苍炎动漫社,否,,
127,北京科技大学,20983525,贝壳动漫社,否,,
128,中国石油大学（华东）,20984587,火鸟动漫社,否,,
129,浙江传媒学院,20984627,那兰之侯动漫社,否,,
130,中华女子学院,20987246,水精动漫社,否,,
131,中国医科大学,20989567,CMU翎动漫社,否,,
132,武汉城市职业学院,21002694,武城职柯美动漫社,否,,
133,西南大学,21018392,西南大学风翼动漫社,否,,
134,广西财经大学,21033029,财院零漫社-已转生,否,,
135,华南师范大学,21096382,华师白樱动漫社,否,,
136,北京理工大学,21319093,北理珠镜之映画馆漫社,否,,
137,湖南大学,21337208,动漫能源社,否,,
138,广东交通职业技术学院,21377465,翼翎动漫社,否,,
139,北京信息科技大学,21461249,北信科紫枫堂动漫社,否,,
140,宁波大学,21668966,浩天动漫社,否,,
141,华北电力大学（保定）,23307206,CWing动漫社,否,,
142,上海大学,26965329,库利亚clear_,否,,
143,北京第二外国语学院,28030834,北二外未成年动漫社,否,,
144,重庆大学,28418281,重庆大学翼遥动漫社,否,,
145,中央民族大学,29650473,中央民大一个漫画社,否,,
146,西安电子科技大学,30032438,西电Shining动漫社,未定,1671034042,西安高校vocaloid创作社
147,成都大学,30709792,嘤鸣漫联,否,,
148,山东建筑大学,31316701,迪兰动漫社,否,,
149,湖北大学知行学院,31376221,湖北大学知行学院Mars动漫社,否,,
150,福建师范大学,32134472,Cfour动漫社,否,,
151,华中师范大学,32253960,华师三叶草动漫社,否,,
152,井冈山大学,32654460,FZ动漫社,否,,
153,对外经济贸易大学,32664899,UIBE灼艺动漫社,否,,
154,甘肃农业大学,32961190,翔翼动漫社,否,,
155,河南郑州西亚斯学院,34727549,Mad-House动漫社,否,,
156,广东机电职业技术学院,34784943,广东机电BG2动漫协会,否,,
157,中国科学院大学,34816534,果壳AVALON漫研社,否,,
158,山东农业大学,35781639,唐人部落动漫社,否,,
159,山西传媒学院,36024742,山传未完成动漫社,否,,
160,杭州职业技术学院,40221994,杭职Phoenix动漫协会,否,,
161,华北水利水电大学,41383354,北幽动漫社,否,,
162,上海第二工业大学,44129046,二工大现视研动漫社,否,,
163,揭阳华侨高级中学,45029058,超和平Busters动漫社,否,,
164,江苏师范大学,46895995,UP动漫社,否,,
165,西华大学,47694536,V攻攻攻攻公馆,否,,
166,上海交通大学,48665946,浮泽动漫协会,否,,
167,桂林电子科技大学,49468851,桂电异域动漫社,否,,
168,湘潭大学,49592879,湘大云中馆动漫协会,否,,
169,首都师范大学,49965619,春日诸白动漫社,否,,
170,南京信息工程大学,50133995,天燃动漫社,否,,
171,广西民族师范学院,51224020,次元动漫协会wow,否,,
172,中国计量大学,53267996,婳羽动漫社,否,,
173,武汉职业技术学院,55252149,无月动漫社,否,,
174,同济大学,56307177,同济万有引力动漫协会,否,,
175,北京中医药大学,56778824,北中医黑爻动漫社,否,,
176,成都锦城学院,57556159,LD动漫社官方账号,否,,
177,洛阳师范学院,65489375,黑元素动漫社,否,,
178,首都师范大学,65752704,静海动漫社,否,,
179,广东财经大学,65996167,广财大FF火翎动漫协会,否,,
180,海南大学,66413141,海南大学风飏动漫社,否,,
181,四川农业大学,68007049,川农梦之屿动漫协会,否,,
182,上海财经大学浙江学院,68579988,绘樱公馆,否,,
183,西南石油大学,70740277,西南石油现视研动漫社,否,,
184,汉口学院,72249059,风月动漫社,否,,
185,合肥财经职业学院,73150881,风向标动漫协会,否,,
186,浙江财经大学,73166685,浙财东方亦乱娘,否,,
187,哈尔滨工程大学,76773888,哈工程漫画沙龙动漫社,否,,
188,北京服装学院,83507546,破立漫画社,否,,
189,兰州工业学院,84410863,961动漫社Official,否,,
190,山东大学,88447718,世伊漫协,否,,
191,厦门大学,92711751,厦大翔安静迹动漫社,否,,
192,成都中医药大学,103271126,成中医X次元动漫社,否,,
193,哈尔滨工业大学（深圳）,107505047,雪璇二次元文化社,否,,
194,北京邮电大学,108070710,檐枫动漫社,是,3546723079162187,枫韵社
195,陕西师范大学,110515726,炫梦动漫社,否,,
196,西北工业大学,110745542,荆棘鸟_Official,否,,
197,广东第二师范学院,111875840,GS超元气动漫协会,否,,
198,桂林旅游学院,114284140,狂热动漫社,否,,
199,武汉工程大学,117413714,bcj动漫社,否,,
200,江苏理工学院,121437070,二重幻想界动漫社,否,,
201,南京农业大学,122371925,方糖娘,否,,
202,北京化工大学,122468877,微水动漫社,否,,
203,北京航空航天大学,124678469,北航飞梦ACG联盟,是,6287401,星韵社
204,福建龙岩北大附属实验学校,125248144,龙岩北附Hira动漫社,否,,
205,南京科技职业学院,128437086,暮光-动漫社,否,,
206,四川音乐学院,129248337,C加动漫社,否,,
207,河源职业技术学院,133720253,朝之雾动漫社,否,,
208,中国地质大学（武汉）,134878347,茶几动漫社,否,,
209,黄河科技学院,153457541,关键帧动漫社,否,,
210,山东师范大学,155992909,山师集英动漫社,否,,
211,中国矿业大学,164641256,矿大漫次研究所,否,,
212,华南理工大学,171966979,华工ZACA娘_Official,否,,
213,山西工程技术学院,174429337,动漫爱好聚集地,否,,
214,长沙理工大学,192147578,意识流动漫社,否,,
215,南京航空航天大学,193190650,南航流火学生动漫社,否,,
216,中国海洋大学,206069934,蔓延动漫社,否,,
217,重庆邮电大学,209668428,重邮NF动漫协会,否,,
218,延边大学,209707526,零壹动漫协会,否,,
219,北京物资学院,211054671,零漫动漫社,否,,
220,佛山大学,211156857,佛大Bunnya动漫社,否,,
221,华北电力大学（北京）,211778073,SAYing动漫社,否,,
222,长江大学,213261136,长江大学JY动漫社,否,,
223,遵义医科大学,213488489,遵义Clannad动漫社,否,,
224,海南大学,214464880,Summer动漫社,否,,
225,广西民族大学,215548744,广西民大沧岚动漫社,否,,
226,东南大学,216152431,异度沸腾动漫俱乐部,否,,
227,华南理工大学,216706852,十日月玖久official,否,,
228,河北大学,218867225,河北大学青靥动漫社,否,,
229,兰州交通大学,223601147,AT动漫协会,否,,
230,武昌理工学院,225533371,WUT动漫星空SND,否,,
231,华东政法大学,226351965,华政天野动漫社,否,,
232,太原理工大学,228162246,九重天ACG协会,否,,
233,上海师范大学,236551899,上师大AS动漫协会,否,,
234,扬州大学,238122518,界音动漫社,否,,
235,大同大学,238180201,大同大学23度动漫社,否,,
236,电子科技大学中山学院,242731872,天野-动漫社,否,,
237,电子科技大学成都学院,246880936,野行动漫社YESTHING,否,,
238,中国传媒大学,247721393,TRY动漫社_公式,否,,
239,广西大学,247943650,西大行健动漫社,否,,
240,郑州轻工业大学,248985550,郑州轻工业大学动漫社,否,,
241,天津大学,256132044,天津大学D-Touch动漫社,否,,
242,南京理工大学,256890483,追天重奏动漫社,否,,
243,东昌学院,259437872,星冉动漫社,否,,
244,曲阜师范大学,259459795,一一与零零の社团日常,否,,
245,山东科技大学,259950057,山东科技大学CP动漫社,否,,
246,北京建筑大学,264537676,MirrorWorld漫研社,否,,
247,浙江经济学院,267102234,初代芥子动漫社遗产,否,,
248,盐城工学院,267576519,盐工流火动漫社,否,,
249,西安邮电大学,273079663,IDEA动漫社,否,,
250,上海海事大学,275924566,神曲漫协,否,,
251,武汉轻工大学,284043439,漫临天下动漫社,否,,
252,山西大学,291553336,翎动漫official,否,,
253,长安大学,292192389,新空动漫社空空娘,否,,
254,潍坊科技学院,300348790,梦次元动漫社,否,,
255,上海财经大学,301885510,上财风云动漫社,否,,
256,山东英才学院,319195719,梦之翼动漫协会,否,,
257,北京师范大学,321663391,北京师范大学漫有引力动漫社,否,,
258,西安欧亚学院,323656974,羽之翼咕咕视频投放地,否,,
259,成都信息工程大学,327067034,CUIT零之动漫社,否,,
260,中央音乐学院,329577396,可可桃交响乐团,否,,
261,成都工业学院,334129935,-七维动漫协会-,否,,
262,湖北师范大学,335244755,樱云流火动漫社,否,,
263,北京体育大学,335599071,本我动漫社,否,,
264,苏州科技大学,335850590,曼陀罗动漫社,否,,
265,南京工业职业技术大学,337886931,南工院TK动漫社,否,,
266,苏州大学,339028801,绯舞之樱宣传科,否,,
267,华东理工大学,341244334,华理异度漫协,否,,
268,成都纺织高等专科学校,341931618,成纺可是漫协会,否,,
269,山东艺术学院,345229147,鸷裔动漫社官方姬哟,否,,
270,西南科技大学,347519970,西科大KING动漫社,否,,
271,北京大学,347720468,元火originalfire,否,,
272,西北大学,349420501,青枫_official,否,,
273,河海大学,350347574,天央动漫社,否,,
274,西交利物浦大学,350853280,狸奈动漫社,否,,
275,中北大学,351326118,中北漫无止境动漫社,否,,
276,广东工贸职业技术学院,352424274,沁恒动漫社,否,,
277,太原学院,355947508,艾口米可动漫社,否,,
278,广州商学院,368926798,MY动漫社,否,,
279,山东第一医科大学,372355493,青鸟动漫社-三年Z班,否,,
280,成都师范学院,373552321,成都师范学院动漫社,否,,
281,河南师范大学,375519069,Mac-动漫娘,否,,
282,湖南工商大学,376042724,天也动漫社_official,否,,
283,上海科技大学,376373617,上科大Prism漫研社,否,,
284,湖南信息职业技术学院,378121962,SORA动漫协会,否,,
285,安徽职业技术大学,380524259,天翼娘_Official,否,,
286,浙江经贸职业技术学院,382576022,Dk动漫社,否,,
287,华中科技大学,382680998,华中大风蓝动漫社,否,,
288,湖南工业职业技术学院,383320442,某次元动漫社,否,,
289,兰州财经大学,383556117,薇薇安动漫社,否,,
290,中华女子学院,383774628,女院水精动漫社,否,,
291,北京市商业学校,383864943,韶音动漫社,否,,
292,中国石油大学（华东）,386049230,UPC火鸟动漫社,否,,
293,湖南师范大学,386136985,湖师大科幻动漫协会,否,,
294,南京航空航天大学金城学院,386204419,漫嘉动漫游社,否,,
295,复旦大学,386399015,复旦沸点漫画社,否,,
296,东北农业大学,386613502,东农EAG动漫社,否,,
297,湖南大众传媒职业技术学院,387481949,风暖动漫社,否,,
298,郑州航空工业管理学院,388831059,郑州航院岚翼动漫社,否,,
299,贵州大学,392026851,贵州大学天陨动漫社,否,,
300,河北工业职业技术学院,392793356,河北工院Always动漫社,否,,
301,南京视觉艺术职业学院,393103153,雨孩子动漫社,否,,
302,福州大学,393205107,福州大学团子动漫社,否,,
303,上海电机学院,397153032,电机ottk现视研,否,,
304,辽宁大学,399263675,秘银动漫社,否,,
305,北京理工大学,409779881,黑白漫画社本社,否,,
306,华南师范大学,412952069,漫有引力漫社,否,,
307,长郡中学,416148271,长郡中学のACG社,否,,
308,吉林大学,418629035,吉-ACG现视研,否,,
309,南京铁道职业技术学院,419204763,绯天动漫社,否,,
310,河南中医药大学,419516756,漫联萌official,否,,
311,长沙师范学院,422860343,禾几动漫研究社,否,,
312,首都医科大学,430655345,飞翼动漫社,否,,
313,内蒙古大学,430763759,内蒙古大学迷漫天空,否,,
314,厦门大学思明校区,431466076,厦大本部静迹动漫社,否,,
315,中南大学,431493191,中南异次元动漫社,否,,
316,厦门大学,431853969,静迹动漫社,否,,
317,成都医学院,433921485,空之轨迹动漫社,否,,
318,上海立信会计金融学院,434167308,SLU超负荷漫协,否,,
319,吉林动画学院,435257846,幻醒旅团,否,,
320,广东轻工职业技术大学,436602074,自由天空动漫社,否,,
321,大连海事大学,442778569,DarkBlue深蓝动漫社,否,,
322,郑州师范学院,443195202,郑州师范学院AOI动漫社,否,,
323,晋中学院,472111640,-零点动漫社-,否,,
324,南京林业大学,473143496,南林淮安-ZERO动漫社,否,,
325,中国传媒大学,473974344,Try音乐部,否,,
326,广东理工学院,474658159,SAT动漫社,否,,
327,上海应用科技大学,476716538,sit圈角匡叉动漫社,否,,
328,四川大学,479355968,红动漫社杀鸽苑,否,,
329,浙江理工大学科技与艺术学院,479654293,酷show动漫社,否,,
330,武汉软件工程职业学院,481521552,樱之语协会_Aki娘,否,,
331,汕头职业技术学院,482066934,汕职院ACG动漫协会,否,,
332,商丘师范学院,483780717,翎光动漫社,否,,
333,西京学院,486136836,动漫Tribe,否,,
334,上海体育大学,491656433,上海体育大学镜动漫社,否,,
335,中国政法大学,496967138,CUPL法大风云动漫社,否,,
336,西安信息职业大学,500463537,拂晓动漫协会,否,,
337,山东财经大学,527141952,星骑动漫社,否,,
338,中南大学,544486636,CSU-次元娘Official,否,,
339,华东师范大学,596049583,华东师大七草动漫协会,否,,
340,重庆师范大学,597292190,重师痕迹动漫协会,否,,
341,安徽农业大学,600447944,TNT动漫社,否,,
342,西安石油大学,618599191,祈煜动漫社_,否,,
343,电子科技大学,627276675,电子科技大学动漫社,否,,
344,上海电力大学,648356919,上电SKY动漫社星空娘,否,,
345,东华大学,677131252,翼想乡动漫社,否,,
346,西安理工大学,690164604,曜墨琰华动漫社,否,,
347,南京审计大学,698841023,天下动漫社_夏甜,否,,
348,南宁职业技术学院,700816326,南职SEVEN动漫社,否,,
349,山东大学,1018612522,青柠现视研,否,,
350,浙江育英职业技术学院,1105820674,FS-comic动漫社,否,,
351,辽宁对外经贸学院,1108532549,时音社团,否,,
352,三江学院,1275437503,-异阶魔方动漫社-,否,,
353,广西农业职业技术大学,1367369371,玖玖动漫队,否,,
354,浙江海洋大学,1394458824,原味动漫社,否,,
355,电子科技大学,1422928475,关关和婴婴official,否,,
356,内蒙古大学,1526895239,EZ动漫社,否,,
357,燕京理工大学,1536537368,Freecos动漫社,否,,
358,江南大学,1551196027,共振动漫社,否,,
359,南宁师范大学,1556461136,拓歌动漫社,否,,
360,湖南师范大学医学院,1560693270,二次元联萌社官方娘,否,,
361,华中科技大学,1577097749,兰枫Official,否,,
362,新疆科技学院,1577924610,巴音漫语社,否,,
363,中山市中等专业学校,1601402656,零鹿动漫社Official,否,,
364,丽江师范学院,1674069124,丽师猫之预感动漫社,否,,
365,安徽医科大学,1699715677,黑竍字动漫社_Official,否,,
366,上海政法学院,1704696866,SHUPL耀月动漫社,否,,
367,江苏警官学院,1708644198,真-疾岚动漫社,否,,
368,华中师范大学,1713796324,华中师大三叶草动漫社,否,,
369,浙江工业大学,1748498925,AppleTree动漫社,否,,
370,湖北医药学院,1750919513,湖北医药学院Ci漫协,否,,
371,兰州工商学院,1781566552,兰工商Animic动漫社,否,,
372,湖北科技职业学院,1782544588,湖科职Clannad动漫社,否,,
373,暨南大学,1827356712,暨南大学动漫协会ACGJNU,否,,
374,中华女子学院,1829696536,水精动漫社520,否,,
375,同济大学嘉定校区,1856758430,同济Neta动漫协会,否,,
376,湖南安全技术职业学院,1892508702,月华初照动漫协会,否,,
377,南通大学,1903974167,南通大学集音动漫社,否,,
378,吉林大学,1988932987,拾光动漫社_office,否,,
379,北京外国语大学,1990537625,Mywing动漫社,否,,
380,江苏大学,1990609390,玄唐动漫社糖娘,否,,
381,山西传媒学院,1990716897,山西未完成动漫社,否,,
382,广西师范大学,2079570215,GXNU下弦月动漫社,否,,
383,北京建筑大学,2105267488,幻の境界动漫社,否,,
384,南京师范大学,2123887037,极地娘的回忆录,否,,
385,四川大学,3461568404654738,川大红动漫协会-芮可,否,,
386,成都信息工程大学,3461579808967189,零之动漫社_澪酱,否,,
387,上海外国语大学,3461581492980415,上外世界线动漫社,否,,
388,齐鲁师范学院,3461582398949898,QL氧气动漫社官方号,否,,
389,南京交通职业技术学院,3493106190125097,景元天选动漫社,否,,
390,北京理工大学,3493123959294533,黑白漫画社_Official,否,,
391,西安交通大学,3493125322443492,XJTU火兰界隈,否,,
392,河南农业大学,3493143519430778,HAU吉樱动漫社,否,,
393,郑州财经学院,3493293683903387,Fs动漫社,否,,
394,广东海洋大学,3494373681531395,三味百草动漫社,否,,
395,吉林大学,3546385794206601,东北ACG音乐联合企划,否,,
396,连云港职业技术学院,3546388275137154,连职院缺壹动漫社,否,,
397,山西大学,3546393979390318,Sado漫研社,否,,
398,河南机电职业学院,3546577387915435,河机电丶柒雨动漫社,否,,
399,兰州理工大学,3546621610559787,澄小柒ChengK,否,,
400,太原师范学院,3546643490147017,太师九霄龙影动漫社,否,,
401,上海立信会计金融学院,3546652696644525,XD动漫社,否,,
402,宁波大学,3546655141923186,浩天漫研社,否,,
403,广西财经学院,3546656626707054,广西财经零漫社,否,,
404,浙江树人学院,3546684021803219,一字军团动漫社,否,,
405,北京邮电大学,3546723079162187,枫韵社,否,,
406,北京语言大学,3546763782785985,氧气动漫社,否,,
407,天津大学,3546774413248530,DT轻音部official,否,,
408,中国矿业大学（北京）,3546777034688512,北矿东云漫研社,否,,
409,大连理工大学,3546779253475342,七域轻音部,否,,
410,山东大学,3546791559563660,Jump动漫协会,否,,
411,华南师范大学,3546813990701155,翼年动漫,否,,
412,广东理工学院,3546859234658894,广东理工AM动漫社,否,,
413,郑州轻工业大学,3546903228712989,輕葉原动漫社,否,,
414,西安欧亚学院,3546981964187648,欧亚动漫自媒体社团,否,,
415,湖南女子学院,3632309102184815,EMC39动漫协会,否,,